the,3270.3924519360003
and,4889.8788696
was,4209.97209504
for,1435.0497708085254
you,742.2857737208956
wit,6000
ith,6000
tha,6000
hat,6000
are,726.3896333596169
not,1022.0768910021321
thi,6000
his,1697.802373160264
but,2487.831838022401
hey,6000
fro,4024.3005528000003
rom,1923.1892532956165
had,6000
she,1426.7766947218336
whi,6000
hic,6000
ich,6000
wer,2898.0135032832004
ere,2615.014406877597
bee,3656.434093152
een,2895.1857994560005
hav,1472.6798820012755
ave,907.7712132389455
hei,4889.7701136
eir,4890.4178784
has,6000
wou,4885.411584
oul,4038.02071104
uld,4073.19067056
wha,6000
wil,2820.6878962560004
ill,945.7570094473185
her,3269.2636574400003
can,6000
all,771.4480391238164
who,1118.3729432447756
one,1240.0300930691624
sai,4145.59766784
aid,2714.4136954752007
hem,6000
som,4160.66199456
ome,1787.0149918373381
cou,4917.649296
him,4944.240024
int,2207.5717139635203
nto,2723.419910630401
its,1645.506761120274
hen,4899.0348288
two,1835.1835401372064
whe,4874.4168
tim,1388.3321098750773
ime,1711.1637393995984
out,1180.5272404633904
did,496.9927164577146
abo,6000
bou,6000
our,632.538157418296
now,2375.6752190976003
mor,2897.9659391616005
ore,1587.6558089057226
oth,4874.8280688
jus,2912.6298850176004
ust,2678.6272118784
hes,6000
ese,2744.808052243201
als,4907.9967624
lso,6000
peo,2139.7623136058887
eop,2412.076414036992
opl,2327.333997886464
ple,1058.7608814081761
any,1252.2658203214544
fir,6000
irs,4890.103536
rst,5018.651136
onl,3394.9772739993605
nly,3225.8143089408004
new,2770.2159060096
may,1257.5545303984377
ver,2972.5028620992007
ery,4908.1288056
sho,2051.4778737039364
hou,2365.00471125329
lik,6000
ike,6000
han,6000
how,2704.9311659520004
wel,4881.3259176
ell,1524.152776638321
way,512.3097681491643
bet,4315.27628736
etw,4958.0218752
twe,4163.76613968
wee,2222.12568573696
yea,4921.049868
ear,937.916169695874
ars,3438.9187890240005
man,742.5524634666334
tho,6000
hos,6000
ose,1464.9556138895773
bei,4419.221955360001
ein,4266.0395952
ing,434.06977401321376
bec,5007.29712
eca,4899.3978312
cau,4894.4610912
aus,4885.8160752
use,953.3862579246802
eah,6000
thr,4058.30897568
hre,4062.55751088
ree,889.7062031835271
dow,4904.0062896
own,1065.8833338386262
suc,2906.5506611904
uch,6000
bac,6000
ack,6000
goo,6000
ood,2263.50828451584
hro,6000
rou,2960.8549042176005
oug,6000
ugh,6000
mus,6000
sti,6000
til,6000
eve,1332.5711427573233
ven,3335.20883712
kno,6000
too,1977.7522778726407
get,1827.7143790417929
doe,6000
oes,2733.730787596801
las,5085.4319808
ast,3532.953018528
goi,1874.4985952444933
oin,1736.4188645767686
erm,4012.8313824
aft,4157.121498720001
fte,4105.2474744
ter,1148.455553940097
gov,2804.2710107558405
ove,2740.3038803097606
ern,2886.877889184
rnm,5020.4713128
nme,5029.4930328
men,791.904298402177
ent,409.08603996083195
mig,6000
igh,857.5787210859132
ght,6000
sam,6000
ame,1034.4292704012623
muc,6000
see,620.7819743959627
yes,5228.1286416
mak,6000
ake,6000
day,4092.6050265599997
ano,6000
wor,6000
orl,6000
rld,6000
got,3278.917769856
ork,6000
owe,2387.7538176038406
wev,6000
lif,2851.090205721601
ife,1233.9344493362014
aga,2424.799247521204
gai,1681.2987816731138
ain,1088.44714709741
ins,4858.4830272
nst,5009.486217181811
hin,6000
ink,6000
nev,6000
und,4921.4994288
nde,2670.503895628801
der,4049.329548
mos,4066.53240144
ost,4017.4741233600002
old,4102.61607456
met,2772.783567878401
eth,6000
tak,6000
why,6000
eac,4921.8057696
ach,6000
hil,6000
ile,2026.091018035201
par,1847.0948837684741
art,1000.3212430412236
num,4442.154074880001
umb,5230.30494
mbe,3180.0476366592
ber,2340.1033221196803
mad,4912.0935408
ade,4045.7738817599998
dif,6000
iff,6000
ffe,2707.35411280896
fer,6000
ren,6000
rea,991.2250667762139
eal,2254.3734845222402
lly,2418.7175592998406
wen,4906.8531528
cam,4095.518532
chi,6000
ild,5446.6787448
ldr,6000
dre,6000
alw,4903.412136
lwa,4196.263052640001
ays,2732.2496673024
fou,6000
sys,4014.70538352
yst,4094.705075040001
ste,2104.0702793786886
tem,2772.9430859136
loc,4957.678464
oca,4962.33258
cal,3294.028676544
dur,6000
uri,6000
rin,4306.28180016
alt,6000
lth,6000
nex,6000
ext,2951.122509580801
sma,4898.8402944
mal,4895.0016288
cas,4369.7454604800005
ase,2125.24449819218
gre,2873.5115152512003
eat,3988.11963888
ngs,6000
soc,4912.2164832
oci,4912.528452
cia,4875.5550576
ial,4000.8793977600003
end,2713.2070160601606
say,1907.7371215633923
qui,2026.0345178308614
uit,4899.0231216
ite,2725.4919431232
bot,6000
gro,3025.368804825601
oup,2981.0112963072006
fiv,6000
ive,2896.2945591936004
wom,3377.6054435520005
rty,4082.48654784
imp,3696.538094496
mpo,6000
por,4006.70750016
ort,2641.6729886592007
rta,4903.2784152
tan,4912.3130544
ant,1274.792099456226
pla,2779.925351616
lac,6000
ace,1739.0340176730626
ous,3134.867947180801
ook,851.3797941056035
bef,5161.26132
efo,5058.9466704
inf,4137.377179200001
nfo,6000
orm,2748.8759735232006
rma,6000
mat,3271.3822143360007
ati,1883.2906386140162
tio,639.9012027857398
ion,284.17963102644285
oft,4037.5716115200003
ten,863.4210036729626
mon,4031.247408
ney,6000
sch,6000
cho,6000
hoo,2826.1107928704005
ool,2534.4689103321602
nat,1916.2128499863556
ona,2727.9475731264006
nal,2782.4157231168006
fac,4066.5729711360004
act,2914.8957327936
nig,6000
giv,4874.206632
sec,3988.77873072
eco,2578.5785648693764
con,2533.454449428481
ond,4936.0012872
poi,6000
off,612.6870016199316
don,6000
avi,6000
vin,4890.216432
bri,6000
rit,6000
iti,1868.1886816367908
tis,6000
ish,6000
lon,4370.30055504
ndo,6000
ken,6000
per,2033.5486109130243
erh,6000
rha,6000
hap,6000
aps,6000
com,1242.6710532411007
omp,2810.262487929601
mpa,4490.20572048
pan,6000
fam,2501.1708372595203
ami,4229.18975664
mil,3053.9817125568006
ily,2994.3918817344006
alr,6000
lre,6000
ead,4876.2815472
ady,6000
pos,2821.02898524288
oss,1125.420021575606
ssi,1764.245909749771
sib,3555.487063392
ibl,3413.607548256001
ble,2264.3003025730563
hom,6000
lar,3141.3376930752006
arg,6000
rge,2871.967569139201
yet,4912.3960368
bus,4921.2484248
usi,4943.6394528
sin,3395.4244356480003
ine,1937.3118493194247
nes,2328.03401633664
ess,896.7562100150643
wat,6000
ate,478.2092601118911
sid,6000
ide,971.6652847288445
het,6000
sed,6000
joh,1938.7620140727786
ohn,2369.415636601345
dev,6000
vel,5034.1250088
elo,5015.75934
lop,6000
opm,6000
pme,5002.3048296
eek,6000
sta,674.1118139303255
tat,1119.5265753020708
hea,6000
wan,3991.4148571200003
rig,6000
alm,6000
lmo,6000
oun,6000
unt,6000
ntr,4881.5138016
try,999.0152197509109
ims,6000
mse,6000
sel,3434.394368640001
elf,3509.455564128
fin,3366.7682404800007
ind,3449.2012151040008
unc,6000
nci,3682.299871584001
cil,4888.42139568
pow,4979.9962416
ung,6000
roo,3295.0787280000004
oom,4890.2407008
abl,2807.8655265792004
pol,2218.9772491527788
oli,4017.440160768
lit,1850.987135577903
tic,3156.3318311616003
ica,4921.2023664
six,1364.5719718264631
lat,2361.5283509260803
nti,3425.9576254080002
mem,1885.3289790304252
emb,3641.482097088
ers,1643.8734775733767
eye,1469.2200879670652
pub,2344.0318478707204
ubl,6000
bli,6000
lic,6000
ser,1342.2230936009028
erv,6000
rvi,6000
vic,2439.9532675660803
ice,759.3451373489926
mea,3266.9336374464006
ean,2957.8829939328
pro,1222.0727131002545
rob,3593.2297209600006
obl,4366.04943648
lem,4155.15984768
hig,946.1988304361929
tow,6000
owa,6000
war,3345.9100110720005
ard,4912.1057184
rds,6000
nyt,6000
yth,6000
car,6000
doi,6000
ems,4020.8745576
nte,3308.868782033486
res,2236.2754357939207
est,911.153126179865
oba,4939.127352
bab,1381.4234002643134
bly,4947.965532
ava,6000
vai,6000
ail,2032.5654071967751
ila,6000
lab,3373.171521408
saw,6000
ful,934.3006933862694
ull,1142.6524419339073
kne,6000
ctu,4033.57794912
tua,6000
ual,1188.0553423946528
edu,6000
duc,4965.4114656
uca,6000
cat,6000
icy,6000
bes,6000
tod,4202.25831936
oda,4265.11098528
mes,4885.1075424
eno,6000
nou,6000
ffi,6000
fic,6000
loo,3336.962617824
oki,6000
kin,3430.722160608
doo,3303.2711930880005
oor,609.6813259522413
inc,3733.5917153280006
nce,3299.6926575360008
voi,2116.4074810329607
oic,2207.4630593203206
les,3518.6693995200003
ita,4112.55915168
tai,4014.77076096
bod,6000
ody,6000
rso,4103.1163559999995
son,2136.2935986892803
tog,6000
oge,4885.5908184
sea,1533.9517528139397
arc,6000
rch,6000
ces,1996.4683873116696
ont,3958.73536224
nth,6000
ths,6000
big,837.3047433223378
nam,2769.8288730432
itt,1617.309644310332
ttl,2034.0083270799769
tle,2929.7412217305605
lli,2989.30034374272
lio,6000
law,4930.6920696
que,1283.4614767242242
ues,1042.5347190115544
boo,2018.7046863674889
ong,2351.2916221801697
ord,4928.8251072
mot,4880.8334976
eri,1359.0305025390676
rio,3655.9224221759996
iod,6000
aki,6000
urt,4948.5422568
mai,4872.0823992
sev,4911.8998728
era,2812.1157584832004
ral,4997.9687616
cie,4921.5603936
iet,4925.8659672
ety,4139.19654336
mar,3362.362623936
ark,6000
rke,6000
ket,6000
tse,5020.6981032
elv,6000
lve,6000
ves,6000
beg,6000
ega,4909.265784
gan,3991.42831392
ono,3017.8103174157413
nom,5141.9593656
omi,5079.062304
mic,4970.9542848
upo,3348.486372768001
pon,2786.149813209601
eas,1222.0107403723414
awa,1149.34858571753
maj,4046.8192958400004
ajo,4098.700275839999
jor,4049.77610928
ref,6000
oma,4089.2719454400003
eng,3500.324916096001
ngl,4898.8681152
gla,5119.3072344
lan,3998.7229104000003
ncl,5110.908468
clu,4250.50047888
lud,4953.1030176
udi,4917.3052776
din,3970.4875785600007
hel,6000
elp,6000
amo,4031.88757344
gav,6000
job,909.6541000074803
kel,6000
ely,4058.5239177600006
osi,2462.242932565249
sit,818.3960786824916
roc,6000
oce,6000
eff,2452.02341024256
fec,2894.8611387264004
ect,1390.6283828009298
far,4929.8492064
lin,6000
hal,6000
alf,5043.6097863956065
taf,3486.61908288
aff,3437.050476192
mom,2137.062345638232
omm,2894.7967779247388
mmu,4885.677768
mun,4866.8955432
uni,1576.9871321452788
nit,4962.5423448
ity,4017.56271984
icu,3685.1896762560004
cul,3482.5890233280006
ult,6000
cti,2996.5472620992005
rti,3049.6135935552006
ula,2632.8868434048004
arl,3731.595777984
rly,3582.642357696
spe,4952.7385512
pec,4058.2639497600003
eci,2004.378914885377
rna,6000
fat,6000
ath,6000
rep,6000
epo,5509.0212599999995
age,733.063127743033
acr,4294.96792944
cro,4214.987594880001
ros,801.6268835336249
ana,2518.947759283201
nag,2966.5970135807997
gem,5145.98646
eme,2061.975040830598
dea,3987.5705846399997
cer,4074.9414787200003
ert,4051.6091793600003
evi,6000
vid,4146.182283839999
den,3375.9111641280006
enc,4903.4488776
rat,4871.8661304
oke,6000
ked,6000
min,1697.3288628069342
ini,1117.75397708739
nis,3272.634658752
ist,3207.784265664
tel,4022.1151444800003
hir,6000
ird,6000
eem,2889.050258592001
vie,6000
iew,6000
orn,4236.150386400001
rni,4107.01936992
nin,1087.380746050177
els,6000
lse,6000
sen,1954.4118282216966
ens,1927.1896867929609
nse,3341.6214484800003
beh,6000
ehi,6000
eti,2725.190539449601
thu,4182.631568160001
hus,5092.4412
lev,6000
ett,2817.8516776128004
tti,2237.2248038016
tin,1296.9471919904877
tte,1658.9464423610884
sha,6000
nee,3552.370437319044
eed,2150.3062256947205
med,6000
tab,6000
fur,4895.5377024
rth,4941.0128304
mrs,2668.808762511361
ndu,6000
dus,6000
str,4038.50938656
ago,2742.5827867584003
cen,4032.5933174399997
ntu,4932.5216664
tur,1512.8561755755115
ury,4979.597244
tro,4984.8349656
rol,4993.0440768
sor,3370.65112464
gon,1964.4072252687365
chu,6000
hur,6000
urc,3331.9209352320004
erd,6000
rda,6000
cle,4139.67347856
lea,2095.6222206661637
ran,4867.6196232
ang,3248.2710362880007
nge,4880.7078576
bla,4877.475881054969
gen,3964.17256464
ene,3000.466797279707
ner,5211.0087024
ups,5092.2375912
sto,2339.2514021568013
tor,2397.4000955289603
ory,6000
fre,4042.23578352
kee,6000
eep,6000
roa,6000
oad,6000
rde,6000
few,1252.253454024002
usu,3414.618072139962
sua,4876.5632856
ted,6000
hun,6000
ndr,6000
red,4017.317612207173
tre,2452.708977968638
put,6000
foo,1600.1699850831365
stu,4892.0650968
tud,4939.3788168
udy,6000
rog,3258.811799769601
ogr,4603.24430352
gra,2753.705285921281
ram,2533.1314580044805
amm,2469.7017808550404
mme,3525.327927456001
esu,4946.858532
sul,6000
air,1751.2051096775613
urs,4863.3099096
mmi,3395.861142432
mit,4093.7523326399996
tee,4985.7001224
dee,6000
tea,4639.8348388800005
eam,4385.612723040001
exp,4944.70968
xpe,4947.8030256
rie,1356.5723894375171
ien,3587.457541536
cha,6000
rse,4890.4702032
ngu,6000
gua,6000
uag,6000
hit,6000
meo,6000
eon,6000
ryt,6000
inl,4917.0577056
nds,4274.781937440001
sim,3994.7147376000003
imi,2359.111895922506
tra,2866.9220873088007
rad,4901.0509824
inu,6000
nut,6000
ute,6000
tes,667.5716960790185
aso,6000
aut,4953.0226464
uth,5007.0104352
hor,3968.7038064
ori,4889.8402368
ses,1171.379809248202
ole,2898.659893056001
dat,4072.47414048
ata,4959.227568
rki,6000
eur,3977.5604194559996
uro,3781.664878752
rop,2236.0384844314576
ope,1410.0579739817827
nec,5037.547488
ece,4024.984368839561
ssa,4289.3115340800005
sar,2813.665794412801
ary,3357.5134160640005
atu,2904.9251075712004
ure,1157.3795424888483
cla,6000
ass,1510.901052585207
fel,2760.0372649152005
elt,4925.7565944
gli,6000
lis,6000
ani,4034.6888942399996
nie,4885.2723072
ies,1130.7791018399273
mpl,1571.147283486138
ply,2784.2747426112
dep,4168.0154587199995
epa,6000
rtm,6000
tme,5136.5863584
esp,4993.1902392
ask,992.1841197216785
ske,6000
lle,3417.5231069760002
led,4922.2115256
val,6000
alu,6000
lue,1562.700458873697
aro,4470.190110240001
pat,6000
tie,3039.825049497601
nts,3370.2481766399997
pap,2241.2919157056003
ape,3990.20419152
eig,4898.868528
tol,4908.0919944
sup,3976.9552176
upp,3989.21140608
ppo,2734.5505227448325
typ,3759.049610496001
ype,3703.5400380480005
wif,1555.462004673578
onc,4871.660064
cit,6000
rme,6000
mer,3409.4217576960004
mmo,3672.5284308480004
fri,3627.6613171199997
ges,4881.3931944
tri,4889.8653216
sur,2688.4412823552
dec,991.4277711992656
cis,6000
isi,504.02897331215763
sio,3296.2429598400004
ina,2549.328550820285
nan,2310.1647236898866
anc,4090.8588811200007
gle,4925.6550528
rms,2793.3597919488
pri,3169.514272416001
ric,6000
rov,4871.9991264
ovi,4892.5904376
tag,6000
att,2354.1895761638402
lub,5011.7020608
pra,6000
rac,6000
bas,6000
ryi,6000
yin,6000
riv,3998.8277817600006
iva,4926.2202528
vat,4903.1170032
cos,2408.7980381683205
rei,4912.2003288
ign,2326.62845414016
god,6000
ayi,6000
hol,6000
kes,6000
pen,4046.63190432
itu,6000
uat,6000
soo,3991.15343232
oon,2710.4119620288
ron,4896.6108
bed,6000
rec,3630.724416864001
gir,2076.877780833091
irl,2108.0208121462356
dav,6000
ghe,6000
nty,4895.550936
qua,1904.7502009996808
ali,4026.8907979200003
eit,6000
pea,2032.3995886809603
var,6000
ari,2299.41379761792
iou,4190.04631488
ndi,4050.6716568
dit,4104.96825408
ons,2088.9436946976375
eks,6000
tax,2834.8768296384005
poo,3733.4393832
rod,4912.4719992
odu,4948.1682672
uct,4953.4280256
sic,6000
nyo,6000
yon,6000
gam,2141.3508539036166
ols,6000
iss,963.6442435941143
ssu,676.5231114142415
sue,761.7311292187806
roy,3510.9847838400005
oya,2679.518232107521
yal,2599.7230910745607
apr,4921.4347968
ril,4908.0053064
ker,6000
goe,4890.002724
ude,4959.625788
des,6000
spi,6000
pit,6000
owl,6000
wle,6000
edg,6000
dge,6000
jun,6000
une,6000
let,3353.285135424
hai,6000
asi,1291.7285383117933
sis,1731.0499193854243
sub,4899.1063344
ubj,4962.0422591999995
bje,4970.4134808
jec,4073.9758348800005
ura,5104.5134808
bad,5100.8690856
ban,6000
ank,6000
fee,2457.558376846081
eet,1845.4898806686726
sou,3338.347287168
lot,4920.8574912
pay,1662.644145562215
wes,3985.32017424
ecr,6000
cre,6000
ret,6000
eta,5040.706351986623
tar,3412.7039544960003
ecu,6000
cur,6000
ger,3977.75988672
osp,6000
tal,6000
tru,6000
ruc,6000
ans,6000
apt,6000
pte,6000
fie,4894.636176
iel,4256.61051525123
eld,4921.3978704
die,1399.3954093163218
mov,6000
vem,6000
nio,936.0186175453451
ucc,2893.8763171008
cce,1951.917676605697
fig,4018.1272924800005
igu,4036.8688896000003
gur,4039.53074016
ryo,6000
nea,6000
tev,4982.1653592
aly,6000
lys,6000
ysi,6000
ews,4930.2062616
eni,4926.698155575538
pop,889.0977309180735
opu,4903.0348416
pul,1809.029541810125
boy,1967.859228128226
mod,4903.5070344
ode,1722.5928547805192
fol,5110.487364
oll,3422.5446365760004
llo,3038.519575564801
low,1593.7055805101263
owi,6000
win,3234.5603701440004
heo,6000
eor,3431.3990338560006
leg,4898.7587568
gal,4917.0704568
mpu,6000
sco,5048.354772
cot,6000
otl,6000
tla,6000
app,1251.71721084779
ppr,4445.56758576
oac,6000
oks,6000
wro,5060.7620904
erf,6000
rfo,4990.5737976
hum,6000
uma,6000
env,6000
nvi,6000
vir,6000
iro,6000
onm,6000
ire,3108.0014763648005
hts,6000
bov,6000
rel,4921.7857296
ela,4944.3938544
nsh,6000
shi,6000
hip,6000
eel,2870.9203787328006
row,6000
owt,6000
wth,6000
agr,2911.176598099201
acc,4038.30377088
cco,6000
nic,6000
siz,1287.4105229312122
ize,1342.4662734675314
spa,4936.2519336
pac,4168.33524528
mou,6000
exa,2958.498715553281
xam,3431.9507825856003
amp,3436.200299904
roj,4936.2967488
oje,4984.0555056
nor,4894.4874264
mys,4209.56488608
yse,4064.345208
mee,2778.519260582401
set,1787.772412558541
uic,1846.147554025901
ick,6000
ckl,6000
kly,6000
cor,6000
fra,6000
eha,6000
vio,6000
lef,3294.2792287680004
eft,3299.8955220480007
pre,4885.6004256
rev,6000
pet,4045.9119037347623
ete,2871.8438011584003
ivi,3279.8097890496006
ntl,4925.9130792
tly,4063.72152912
nyw,4925.7615504
ywa,4921.2547848
upl,6000
erg,4221.61652496
rgy,4921.3654992
sir,1147.000052694485
dir,3652.189281984
cto,3198.8503271402856
urr,6000
rre,6000
lov,6000
sig,3321.4379146560004
gni,4917.0600888
nif,6000
ifi,6000
nco,6000
eav,6000
bui,3483.5965932480003
uil,3596.3639532480006
ldi,5109.3961512
atm,6000
jul,6000
uly,6000
rim,4876.4057856
gho,6000
del,6000
sud,6000
udd,6000
dde,2889.541456704
enl,6000
pou,6000
hoi,6000
lts,6000
che,6000
det,6000
ils,6000
esi,6000
ppy,6000
def,6000
efe,3671.8446642414515
fen,6000
rts,4921.2403608
bit,2495.1698881958405
los,4903.5602616
ria,6000
tiv,4116.69987792
vit,6000
flo,4118.9850446400005
orr,6000
rry,6000
pau,2038.059868467456
aul,2055.2779998658566
orw,6000
rwa,6000
arm,2744.644217318401
rmy,4934.983812
alk,6000
lki,6000
sum,3666.4062051840006
umm,3613.776958752
cif,4953.599995168517
uts,6000
tsi,5180.3318352
rne,4917.1049376
ned,4917.3745776
usb,6000
sba,6000
lor,4930.3020576
urn,3993.05259792
geo,3413.300936448
org,3421.4768141759996
wal,4889.9808912
bel,1583.7544334199983
eli,2988.7633012608003
lie,1918.394929990134
iev,4943.3918568
obv,6000
bvi,6000
usl,6000
sly,6000
unl,4240.1303318400005
nle,4278.11806656
opr,3239.5276160832
iat,6000
ili,1929.0020822503102
asy,4907.5318824
ssf,6000
sfu,6000
col,4903.7847696
olo,4930.4372808
lou,4916.9406144
lay,1846.5742763788805
tec,4993.369771366237
ech,6000
chn,6000
hno,6000
nol,6000
log,6000
ogy,6000
cts,4083.31432848
xac,4967.100624
ctl,4961.7953256
bey,4003.0310064000005
eyo,6000
sty,4876.9109568
tyl,5002.2094512
yle,5024.5850832
oct,4539.59166816
tob,5255.44614
obe,4975.2573528
sci,6000
orc,6000
rce,3357.5236118400003
wed,6000
eso,4894.2854352
ayb,3575.4635834598657
ybe,4133.608263360001
adv,6000
dvi,6000
cir,6000
irc,6000
rcu,6000
cum,6000
ums,6000
mst,6000
sep,6000
ept,6000
usa,6000
san,6000
rai,1880.5140298231547
pic,4054.9475976000003
ict,4056.5292144000005
sal,4944.4540992
ale,4957.6058352
vil,6000
lla,6000
lag,6000
igi,5090.6938416
gin,2687.3716722816002
inv,6000
nve,6000
stm,6000
oil,2039.940040046593
nki,6000
cup,1378.2804215056494
jan,6000
anu,6000
nua,3958.6402848000002
uar,4921.7306616
jam,6000
oka,1682.2319332174545
kay,1471.0724974014574
ods,6000
blo,6000
opp,4320.643615894269
rtu,6000
tun,4911.261579382075
sef,6000
efu,6000
rof,6000
ofe,6000
fes,6000
onf,6000
nfe,6000
ows,4954.736988
xte,6000
sts,4908.273996
ppl,3276.7625072640003
pli,5187.4479432
pag,6000
fil,1506.2534592955087
ilm,6000
har,6000
spo,5011.1808912
rul,4059.4542513600004
ule,4100.360301600001
hop,2926.883779795201
wri,6000
yor,6000
sat,2728.7001797184002
sil,6000
deg,6000
egr,6000
rot,6000
ote,2692.0674211968003
ris,788.5095319076529
isk,1335.3693359709196
cap,6000
api,6000
omy,6000
adi,4930.1234328
ied,2275.1701501670404
rli,6000
ier,2927.0746079040005
fis,6000
top,6000
ott,6000
rem,6000
div,4890.3264696
idu,5069.8909224
dua,4903.397484
obs,3515.4585387839998
imm,4958.8022304
edi,5003.4586056
dia,6000
nda,6000
dar,6000
nsi,3466.6368261120006
rab,6000
rls,6000
lia,6000
iam,6000
phy,6000
hys,6000
gar,6000
tit,1928.4289486315015
itl,3439.7324747520006
hae,6000
ael,6000
bro,6000
emp,3197.8259832384
plo,4360.004010240001
loy,3034.886759692801
oym,4197.71473056
yme,4185.13393776
buy,1561.2692815478974
dau,6000
aug,6000
hte,6000
mpe,4944.4699056
nov,6000
cem,6000
sun,3255.159983424
dic,6000
pur,6000
urp,6000
rpo,6000
pie,3390.974014176
iec,6000
wid,6000
avy,6000
nsw,6000
swe,6000
tom,2742.7557784128003
omo,3697.2651213120007
rro,881.1253078107172
irt,6000
eds,5139.2734632
tas,4202.62831488
ibi,5156.1259512
bil,3505.7751020160003
doc,6000
abi,6000
ghl,6000
hly,6000
hot,1961.8145263280649
hod,6000
exi,6000
xis,6000
ele,4926.042192
vis,4885.2664512
lec,4939.6049976
nsu,6000
aby,1788.6144378957315
rle,6000
reg,2264.9843573030403
egi,2298.4827775411204
gio,2700.3264566400003
tot,6000
ota,6000
urf,6000
rfa,6000
req,4449.31576176
equ,2102.053668180327
uir,5097.0563184
lde,6000
fut,4940.1667344
utu,4993.5463104
pai,4038.3464615999997
aig,4912.0828175999995
uip,5006.8910424
ipm,5105.6218176
dis,6000
ise,843.1727615193533
mac,6000
epe,3570.4408424640005
sli,6000
lig,6000
htl,6000
sof,3994.4762256000004
ftw,4110.09815136
twa,4116.36162768
pes,6000
ici,1652.8738385243137
rdl,6000
dly,6000
erw,6000
rwi,6000
wis,6000
tay,6000
dio,3509.2864999680005
ors,2278.3813804317792
oub,6000
bea,4885.5586656
eau,4957.2922944
uti,4024.2287688000006
tif,4899.200172
ifu,4889.0403888
civ,6000
tus,4881.3654312
ara,2311.1755402781832
cte,5059.797839736984
nue,6000
saf,6000
afe,6000
fet,6000
box,976.2450171706527
fif,3983.15706336
ift,4107.309474719999
fty,4114.3598952
nim,6000
ima,4038.93596496
oxf,6000
xfo,6000
ltu,6000
wei,6000
ncr,6000
tex,6000
non,2669.7070083648005
rno,6000
noo,4903.3683936
uce,6000
feb,6000
ebr,6000
bru,6000
rua,6000
mis,6000
sse,1379.8961259313996
tia,4899.0393288
xtr,3073.9019203008
liv,5105.052084
rks,6000
urd,6000
niv,6000
rsi,6000
ppe,1899.0159938597376
alo,6000
ees,1911.60287131696
sex,2093.4796698547207
rgu,6000
gum,6000
ume,6000
kit,6000
itc,6000
tch,6000
dem,6000
ema,6000
lib,3420.10548576
ibr,5006.6605032
bra,4943.8709496
rar,1618.135494936518
cip,4414.005108
ipl,5242.9761792
run,4849.5997944
pup,2792.713171784022
upi,4372.2649392
pil,3432.640103328001
irm,6000
ash,6000
eag,6000
agu,6000
gue,6000
nvo,6000
vol,6000
olv,6000
ved,6000
dut,6000
uty,6000
nta,6000
oys,6000
rut,6000
dog,6000
nch,6000
boa,4889.5940088
oar,4916.9886864
blu,1909.2136528230915
exc,3023.5667411136005
xch,6000
eva,6000
van,6000
ugu,6000
gus,6000
bal,3455.1021295680002
ala,4966.522572
slo,6000
wly,6000
clo,6000
aye,1640.2965884462906
yer,4899.2162352
isc,6000
scu,6000
cus,6000
uss,6000
hug,6000
uge,6000
bud,6000
udg,6000
arr,6000
rri,5414.1418512
iag,6000
pee,6000
eec,2395.080355461121
smi,6000
afr,6000
bor,6000
ffo,6000
ets,3074.0640804288
mpt,5205.2888952
nuc,4903.4017464
ucl,4930.1587272
urv,6000
rve,6000
vey,6000
fai,2286.0336236083203
ilu,6000
lur,6000
ann,1443.3545509044332
nnu,3369.4276910400004
eer,4577.002702559999
fea,4862.9196552
ppa,4389.09869616
rte,4885.3766496
cel,4880.9664336
lls,4885.2035736
cep,6000
fun,6000
nct,6000
plu,6000
lus,6000
emo,6000
egu,6000
gul,6000
ded,1144.9769172949227
aci,3156.6952767820803
erc,6000
rci,6000
unn,6000
nni,2767.8797332032004
bar,5125.5390528
ski,3876.080510496001
kil,6000
mhm,5051.903328
ilt,5068.1842968
mag,2292.42076029696
ics,6000
rga,6000
isa,6000
utt,6000
xpr,6000
nfl,5126.91906
flu,5080.5279912
uen,4907.8813776
sso,6000
opi,3243.938374156801
pin,1656.6979535564465
add,1454.6959634516209
ddi,3409.4960549760003
ben,6000
nef,6000
efi,6000
fit,6000
gel,6000
dva,6000
meb,6000
ebo,6000
ler,4871.8779216
gas,4926.076884
asp,4944.1034064
sca,6000
toc,4650.93544992
ock,6000
ffa,5237.3866032
lex,5059.9781736
rfu,6000
eak,6000
esc,6000
scr,6000
cri,6000
rib,6000
ibe,4046.16646416
len,6000
ngt,6000
gth,6000
lep,5007.4856745093075
eph,6000
pho,6000
hon,6000
oot,3984.4476408
dra,6000
raw,6000
awn,6000
mew,6000
ewh,6000
nfi,4943.345207353913
fid,6000
gis,6000
isl,6000
sla,6000
odi,6000
sag,6000
lid,6000
ida,6000
pok,6000
ilw,5314.208652
ton,3291.731053728001
exu,4990.7275896
xua,4930.8617808
edw,6000
dwa,6000
net,4867.4117928
tta,6000
tac,6000
rdi,6000
nar,6000
tir,6000
oni,6000
lti,4969.536168
opo,2792.1465157424645
osa,6000
mel,6000
esh,6000
sce,6000
sol,4916.926428
olu,4939.4503632
lut,4912.5039192
icl,6000
ged,6000
mas,6000
nks,6000
sug,6000
ugg,6000
gge,6000
xce,2915.3111666496006
hni,6000
dom,6000
ced,6000
inn,3992.8266297600003
avo,6000
oid,6000
raf,6000
gly,6000
xpl,6000
lai,6000
adm,6000
dmi,6000
mum,6000
tep,6000
exe,6000
xec,6000
cut,6000
eps,6000
sov,6000
tut,6000
lad,6000
egs,6000
pir,6000
iri,6000
ped,6000
ief,3919.0373054399997
cof,6000
pas,6000
iso,6000
atc,6000
cci,6000
cid,1391.3281308804037
una,5031.1465344
nab,6000
lty,6000
ssm,6000
sme,6000
ahe,6000
nne,3432.7135826880003
ibu,6000
eke,6000
rur,6000
twi,6000
wic,6000
enr,6000
nry,6000
tuf,6000
uff,6000
nob,6000
obo,4556.311392
ubs,6000
bst,6000
arn,6000
rcr,6000
cra,6000
ckg,6000
kgr,6000
teg,6000
egy,6000
hie,6000
nsp,6000
bat,6000
joi,6000
ras,6000
ede,5033.0146032
cli,6000
ryb,6000
ybo,6000
deb,6000
eba,6000
sui,6000
etu,6000
asu,6000
edo,6000
dan,6000
ips,6000
inb,4945.805740543649
nbu,6000
bur,6000
urg,6000
rgh,6000
due,2567.1074734656
jap,6000
apa,4429.856481375577
goa,6000
oal,6000
niq,6000
iqu,6000
suf,6000
aim,2535.8517634659847
moc,6000
ocr,6000
nem,6000
siv,6000
lst,6000
deo,6000
oye,6000
yee,2935.1814503741216
rns,6000
chr,6000
hri,6000
ian,2844.2883103680006
otb,6000
tba,6000
wea,6000
abs,6000
bso,6000
rra,5120.3047368
bse,6000
dam,6000
ama,6000
cei,6000
eiv,6000
hed,6000
ero,6000
ege,6000
ior,6000
xer,6000
rtl,6000
iar,6000
epi,6000
sew,6000
cog,6000
ogn,6000
lke,6000
erl,6000
kep,6000
utp,6000
tpu,6000
nli,6000
lds,6000
itm,6000
rfe,6000
gto,6000
rid,6000
oms,6000
erp,6000
bir,6000
aud,6000
eck,6000
onv,6000
rsa,6000
eei,6000
iny,6000
mpr,6000
ngr,6000
fli,6000
opt,6000
pti,6000
ofi,6000
oat,5057.479756410212
iol,6000
pty,6000
key,6000
lum,6000
mph,6000
pha,6000
urb,6000
rba,6000
sem,6000
mbl,6000
niz,6000
iza,6000
zat,6000
gne,6000
obt,6000
bta,6000
uie,6000
dry,6000
occ,6000
cca,6000
rsh,6000
aym,6000
nei,6000
cab,1922.3365840289287
bin,6000
mur,6000
epl,5258.9432616
ait,6000
wai,6000
dad,1857.7862118716935
dri,6000
ttr,6000
lim,6000
tig,6000
iga,6000
gat,4032.8629089600004
bre,6000
ued,6000
rip,6000
ipt,6000
woo,6000
spr,6000
ulu,6000
coa,6000
ltd,6000
ads,6000
etc,6000
oti,4894.5918744
lip,3097.127186521289
ocu,6000
wsp,6000
cop,6000
opy,6000
obj,4881.9052121102
exh,6000
xhi,6000
hib,6000
ops,4954.337236755729
aty,6000
ngi,4012.1907532799996
wne,6000
jac,2782.644084940801
lun,6000
cka,6000
kag,6000
rus,6000
sia,1622.341278251367
ony,6000
rok,6000
sky,6000
nyb,6000
pab,6000
idi,5227.5558456
usy,6000
won,3270.3984443520008
ais,2103.67438875648
phe,6000
iii,1296.6466466265597
tou,6000
bag,6000
tmo,6000
sph,6000
lfa,5133.2872224
dou,6000
ubt,6000
aws,6000
ypi,6000
anw,6000
nwh,6000
oop,4137.299466222978
rtn,6000
tne,6000
ebt,6000
ilk,6000
mid,6000
idd,6000
ddl,6000
dle,6000
ddr,6000
ibm,6000
ism,6000
lri,6000
nod,6000
odd,3347.332926432
ito,6000
pot,6000
vas,6000
tma,6000
jou,6000
rpr,4397.3872622399995
fal,2299.8557961991683
via,1898.0366468743682
rew,4987.249653835215
igg,6000
seu,6000
eum,6000
err,1202.038973827461
unf,6000
sav,6000
lau,6000
orp,6000
ora,6000
ooh,2035.1999302147588
rap,6000
pid,6000
idl,6000
gst,6000
gns,6000
jon,6000
inj,6000
nju,6000
jur,6000
ane,6000
nen,4059.8645438400004
lee,3309.593175264
esk,6000
nny,6000
noi,6000
ois,6000
meh,6000
eho,5141.1986016
cru,6000
uci,6000
cov,6000
idg,6000
ats,6000
omb,6000
mbi,6000
seq,6000
yed,6000
edn,4891.070148864719
dne,5026.4440824
esd,6000
sda,6000
lyi,6000
ntm,6000
ksh,6000
fas,6000
hio,6000
dru,6000
rug,6000
ugs,6000
aca,3616.2348758020335
cad,4917.0589896
emi,6000
oto,6000
ogs,6000
nsf,6000
sfe,6000
ixt,6000
xty,6000
vot,6000
joe,1019.5866844398824
unk,6000
nkn,6000
rey,6000
adl,6000
reo,6000
eov,6000
jim,6000
owd,6000
ino,6000
imo,6000
nos,6000
neg,6000
fem,6000
ncy,6000
lvi,6000
gun,6000
edr,6000
dro,6000
cee,2759.6244124608
gui,6000
tty,6000
gry,6000
oos,6000
rah,6000
aha,1053.018506047084
ham,6000
hee,6000
fla,6000
asg,6000
sgo,6000
gow,3302.5008456000005
rmo,6000
ify,4885.474572
fue,5229.177792
uel,5101.4464824
mik,6000
rag,6000
tap,6000
rmi,6000
kid,6000
ids,6000
oof,5033.9319192
etl,6000
nix,6000
hoc,6000
fru,6000
rui,6000
unu,6000
nus,6000
evo,6000
gol,6000
ywh,6000
cod,2028.7755521241604
veh,6000
bbc,2962.1937183552004
ots,6000
enu,6000
bob,2055.393602051528
ndl,6000
akf,6000
kfa,6000
agi,4186.45791408
luc,6000
uck,6000
cky,6000
ena,3243.3633825600004
isp,6000
spl,6000
shm,6000
hme,6000
jes,6000
sus,4190.32483320244
wns,6000
dex,6000
eap,6000
apo,6000
tto,6000
phi,6000
rml,6000
mly,6000
omf,6000
mfo,6000
abr,6000
rys,6000
stl,6000
soi,6000
ova,6000
tum,6000
umn,4941.243713165004
ams,6000
gaz,6000
azi,6000
zin,6000
enj,6000
njo,6000
joy,6000
lua,6000
uab,6000
atr,6000
esm,6000
seh,5203.4581866409
gri,4984.3790232
nno,6000
ouc,6000
uid,2750.8165084032003
jud,6000
lks,6000
ror,929.1261121577905
ecl,6000
hty,6000
ewo,6000
loa,6000
oan,6000
yel,6000
iab,6000
ctr,6000
uto,6000
fed,6000
oas,5380.4947512
lew,4043.6179464
ewi,6000
rsd,6000
epr,6000
egg,3283.342087872
ggs,6000
epu,6000
uta,6000
acy,6000
rva,6000
wag,4044.76327344
nel,6000
sks,4919.047487428768
ggl,6000
rgo,6000
yar,6000
lte,6000
adu,6000
ego,2296.922083730689
pta,6000
amb,6000
mbr,6000
hoe,6000
utc,6000
tco,6000
ayl,6000
ylo,6000
sie,1857.5246593110533
liz,6000
zab,6000
abe,4028.83684704
glo,6000
lob,6000
xpa,6000
fth,6000
deq,6000
tue,6000
cin,6000
arp,5061.138550795082
pal,5160.0011183999995
thy,6000
ada,6000
luk,6000
uke,6000
poc,6000
cke,6000
rka,6000
kab,6000
eki,6000
map,6000
tau,6000
aur,6000
onn,4880.9891856
rik,6000
ngd,6000
gdo,6000
inq,6000
nqu,6000
iry,6000
gim,4993.539792
foc,6000
sad,6000
ccu,5303.3835912
ngh,6000
gha,6000
fau,6000
olf,6000
reh,6000
ehe,6000
emy,6000
llu,6000
aba,4465.41104736
ige,6000
etr,6000
uee,6000
dai,6000
upr,6000
atl,6000
lms,6000
nui,6000
uin,6000
isu,6000
dul,6000
gap,6000
lsh,6000
gor,6000
edd,4047.1484952
xci,6000
cta,6000
moo,4899.1593288
tiz,6000
zen,6000
efl,6000
fly,4345.2700252800005
mab,6000
hec,6000
rkn,6000
ilo,6000
oso,4220.8542225599995
sop,6000
oph,6000
uga,6000
sak,6000
isr,6000
sra,6000
rae,6000
lln,6000
lne,6000
lto,6000
ryw,6000
tup,6000
ump,6000
dgm,6000
gme,6000
hti,6000
sle,6000
hns,6000
nso,5033.6673648
mma,1128.2181202919
ira,1428.6103259488302
raq,4184.9639952
lpf,6000
pfu,6000
viv,5274.066728023483
ghb,6000
hbo,6000
pov,6000
ewe,5032.836876
oud,6000
mix,6000
xtu,6000
thd,6000
hda,6000
wav,6000
lpe,5104.4111784
nsa,6000
anx,6000
nxi,6000
xio,6000
rvo,6000
vou,6000
rsp,6000
eil,6000
nsc,6000
cio,6000
gic,6000
ado,6000
dop,6000
alc,6000
lco,6000
coh,6000
oho,6000
oly,6000
riz,6000
osc,4979.630181338162
cow,6000
pth,6000
tst,6000
uyi,6000
mir,4086.2024347200004
irr,3998.54267328
jos,6000
aph,6000
phs,6000
sym,6000
ymp,6000
pto,6000
jea,6000
sno,6000
dve,6000
mpi,6000
ias,6000
asm,6000
phr,6000
hra,6000
nad,6000
mec,6000
wet,6000
awf,4471.51354368
wfu,4271.2346568
sab,6000
rav,6000
dsc,6000
ley,6000
lei,6000
eis,5056.6267248
rcl,6000
inp,6000
npu,6000
smo,6000
rox,6000
oxi,3562.982617536001
xim,6000
kei,6000
abu,6000
nur,6000
ldh,6000
dho,6000
isf,6000
sfa,6000
kon,6000
ola,6000
dil,6000
ndy,6000
nfu,6000
fus,6000
cak,6000
pio,4971.332292058592
psy,6000
syc,6000
ych,6000
ogi,6000
sas,4110.74075376
pts,6000
bos,6000
gie,3245.23034736
tei,6000
adq,6000
dqu,6000
tef,4990.4692056
doz,6000
oze,6000
ewl,6000
gsi,6000
ucy,6000
asa,4126.720523324551
poe,6000
oet,6000
ato,4427.1517161599995
axe,6000
xes,6000
cks,6000
kni,6000
gna,6000
ipa,6000
spu,6000
reb,6000
eby,6000
ewc,6000
wca,6000
eaf,4957.7332728
fix,6000
ixe,6000
xed,6000
nuo,6000
uou,6000
cyc,6000
ycl,6000
nuf,6000
ufa,6000
rer,4951.797256745297
zea,6000
cui,6000
uye,6000
rum,6000
tth,6000
hew,6000
max,6000
axi,6000
imu,6000
gif,6000
rdo,6000
nna,4033.5898168781355
xie,6000
atf,6000
tfo,6000
xan,6000
uns,6000
esb,6000
sbr,6000
xth,6000
fle,4089.94075536
acq,6000
cqu,6000
uis,6000
usn,6000
sne,6000
bid,6000
mok,6000
oxe,6000
ftl,6000
asl,6000
nhs,6000
lpi,6000
vul,6000
uln,6000
rpl,6000
bie,6000
enn,3989.1946963200003
arb,6000
rbo,6000
bon,6000
mul,6000
tip,6000
urh,6000
axa,6000
xat,6000
mmy,5096.4219144
rmu,6000
dna,6000
efs,6000
fan,6000
lta,6000
bte,6000
edl,6000
ugl,6000
awy,6000
wye,6000
rao,6000
aor,6000
xib,6000
owh,6000
guy,6000
xts,6000
irp,6000
oem,6000
kev,6000
uan,6000
dub,6000
ogu,6000
lak,6000
awi,6000
oyd,6000
aun,6000
ulf,3259.6825954245087
acu,6000
ush,6000
bom,6000
ugb,6000
gby,6000
nke,6000
rub,6000
ubb,6000
bbi,5050.3547016
bis,6000
ppi,4390.72454610432
sac,6000
squ,6000
uad,6000
vea,6000
fav,6000
upa,6000
alb,6000
lbe,6000
cig,6000
rtg,6000
tga,6000
gag,3104.2540139748194
rsu,6000
egn,6000
dds,6000
gyp,6000
ypt,6000
mut,6000
thn,6000
ssr,6000
sro,6000
agg,3317.4154878720005
ggi,3245.000621856
rpe,6000
ifo,6000
nia,6000
dlo,6000
jew,6000
shr,6000
hru,6000
awr,6000
wre,6000
rgi,6000
hef,6000
imb,6000
lps,6000
ilv,6000
hab,6000
eys,6000
fab,6000
ryd,6000
yda,6000
tmi,6000
lbu,4502.474165760001
bum,6000
epp,4985.812085771132
oro,5007.0741456
hif,6000
oui,6000
pun,6000
ray,6000
pus,6000
upe,6000
erb,6000
rdw,6000
swi,6000
tew,6000
ewa,6000
pst,6000
nak,6000
ido,6000
dor,6000
oco,4190.013098346164
elu,6000
usc,6000
scl,6000
uiv,6000
xcl,6000
mps,6000
dol,6000
elc,6000
jok,6000
hdr,6000
rmt,6000
mth,6000
zon,6000
uls,6000
sms,6000
eol,6000
oyi,6000
dip,6000
lom,6000
bul,4039.96791168
ulk,6000
agn,6000
heq,6000
duk,6000
htf,6000
bio,6000
bib,4004.56242288
olk,6000
ldl,6000
dli,6000
pia,6000
noc,6000
arx,6000
rsy,6000
wiv,6000
nfa,6000
bow,4876.6385904
pip,2225.516173436775
ipe,2267.340929364481
ipp,4403.964150092416
bts,6000
ggr,6000
mud,6000
dsh,6000
ghi,6000
nva,6000
lap,4001.3018212800007
pse,6000
xpo,6000
hid,6000
sau,6000
wir,6000
dyi,6000
umo,6000
unh,6000
nha,6000
iot,4940.0884296
fug,6000
gee,4933.939561921551
gea,6000
cki,6000
pef,6000
eic,6000
idn,6000
dni,6000
lam,6000
rek,6000
mie,6000
hak,6000
osu,6000
inm,6000
urm,6000
isd,6000
sdi,6000
maz,6000
etn,6000
tna,5202.182124
ulo,6000
coo,6000
olm,6000
oxy,6000
xyg,6000
yge,6000
veg,3522.3545611708905
btl,6000
rej,6000
eje,6000
arv,6000
edy,6000
ckw,6000
kwa,6000
ymb,6000
mbo,6000
bol,6000
apy,6000
obi,6000
nas,6000
sfy,6000
neo,6000
eou,6000
pak,6000
kis,6000
gno,6000
enq,6000
aze,6000
bik,6000
dix,6000
jen,6000
bak,6000
dig,6000
git,6000
zes,6000
orb,6000
hev,6000
joa,6000
tid,6000
eny,6000
xit,6000
akn,6000
raz,6000
azy,6000
umi,6000
nca,6000
sfo,6000
riu,6000
ium,6000
ags,6000
icr,6000
eof,6000
ffr,6000
nja,6000
kso,6000
zil,6000
asc,6000
cko,6000
aya,4931.61314907777
yab,6000
rby,6000
lel,6000
dla,6000
dso,6000
toe,3347.856607008001
chy,6000
nop,6000
cef,4958.6218632
hyp,6000
ypo,6000
lyw,6000
ywo,6000
sif,6000
hao,6000
aos,6000
mex,5162.7423144
xic,6000
ico,6000
plc,6000
zed,6000
kuw,6000
uwa,6000
diu,6000
nav,6000
bye,5377.8213408
bay,2980.4697878016004
wad,6000
ald,6000
usp,6000
xcu,6000
kor,6000
mns,6000
miu,6000
hiv,2818.235064940801
thc,6000
hco,6000
ddy,6000
kar,6000
eog,6000
bun,6000
jum,6000
upw,6000
pwa,6000
onw,6000
nwe,6000
dim,6000
neu,6000
eut,6000
utr,6000
ebu,6000
mpb,6000
pbe,6000
tub,6000
ube,6000
cly,6000
rto,6000
gay,3303.374935392
itn,6000
itz,6000
tze,6000
zer,6000
rla,6000
hnn,6000
rbe,6000
inh,6000
toi,6000
pel,6000
ekl,6000
sna,6000
nap,6000
fib,6000
ndm,6000
dme,6000
eef,4335.793448640001
sap,6000
vag,6000
rco,6000
mbu,6000
dyn,6000
yna,6000
erk,6000
ldo,6000
hto,6000
sdo,6000
cim,6000
uli,6000
oev,6000
rhy,6000
hyt,6000
thm,6000
dun,6000
iru,6000
lcu,6000
nsl,6000
nga,3636.7987233351755
nsm,6000
rkf,6000
kfo,6000
tni,6000
gid,6000
cry,6000
akd,6000
kdo,6000
dos,6000
sfi,6000
aks,6000
dum,6000
ofo,3585.2087610290087
rtr,6000
ndf,6000
dfa,6000
awk,6000
wkw,6000
emm,1590.0366747182597
myt,6000
tuc,6000
ivo,6000
vor,6000
upb,6000
pbo,6000
nwa,6000
cea,6000
uds,6000
orf,4960.206037432575
adj,6000
dju,6000
adf,6000
dfu,6000
fts,6000
rlo,6000
daw,6000
yug,6000
ugo,6000
gos,6000
osl,6000
lav,6000
dal,6000
enh,6000
iox,3722.3850055680005
xid,3564.2696668141048
wok,6000
rue,6000
kat,6000
rtf,6000
odn,6000
mob,6000
rru,6000
rup,6000
upt,6000
elg,6000
lgi,5205.573
giu,6000
eez,6000
eze,6000
dmo,6000
bia,6000
anl,6000
swo,6000
coi,6000
aqi,4276.00498656
xti,6000
gib,6000
enm,6000
nma,5189.1073032
onu,3669.4164968313617
lym,6000
oru,6000
amu,6000
mue,6000
thl,6000
pav,6000
urk,6000
kle,6000
htm,6000
gab,6000
yep,3432.859905504
nhe,6000
skt,6000
kto,6000
igr,6000
mba,6000
utl,6000
tli,4387.15428624
unp,6000
npl,6000
wds,6000
mol,6000
oyc,6000
yce,6000
agm,6000
loi,6000
oit,6000
von,6000
ewt,6000
wto,6000
shu,6000
hut,4916.510922565732
lok,6000
hth,4939.2109896
ayo,6000
rnw,6000
auc,6000
ucr,6000
fuc,6000
lil,1631.7263654932187
wim,6000
jet,6000
reu,6000
eud,6000
kim,6000
rau,6000
adc,6000
dca,6000
rho,6000
edb,6000
dba,6000
ulp,6000
lpt,6000
ptu,6000
rix,6000
jui,1820.3295891144912
pis,6000
sod,6000
rud,6000
btf,6000
tfu,6000
enf,6000
psw,6000
abb,4012.94920368
bbe,3442.810277376
leb,6000
ozo,6000
izo,6000
rbu,6000
nac,6000
ckn,6000
egl,6000
kic,6000
kir,6000
lfr,6000
gnt,6000
irg,6000
moz,6000
oza,6000
zar,6000
oby,6000
byn,6000
alp,6000
lph,6000
cue,6000
psh,5014.2787104
lih,6000
iho,6000
dfo,6000
pso,6000
dib,6000
lci,6000
ciu,6000
thw,6000
hwh,6000
ngn,6000
rnt,6000
afl,6000
tox,6000
eru,6000
rps,6000
odo,5131.860876
dox,6000
fon,6000
syn,6000
ynt,6000
naw,6000
soa,6000
oap,6000
tib,6000
jaz,1372.3499988953704
azz,1358.387263788491
rlf,6000
idt,6000
dth,6000
gad,6000
eip,6000
nai,3750.6853229760004
nla,6000
hyd,6000
ydr,6000
tam,6000
keo,6000
wak,6000
anv,6000
ubm,6000
bmi,6000
gnm,6000
bsi,6000
arw,6000
lax,6000
eda,4905.108347364602
ios,4903.7654304
cze,6000
zec,6000
vak,6000
kia,6000
nym,6000
ymo,6000
rbl,6000
alv,6000
lva,6000
gil,6000
ilb,4379.08482819815
elb,6000
lbo,6000
ohe,6000
niu,4970.197237486071
ius,6000
tok,6000
oky,6000
kyo,6000
tug,6000
cag,6000
rbi,6000
itr,6000
gia,3459.744138336
eos,6000
quo,6000
uot,6000
opa,6000
toy,6000
hia,6000
dma,6000
oak,1220.8915740434659
kew,6000
fyi,6000
oyf,6000
yfr,6000
shy,6000
dja,6000
ldw,6000
dwi,6000
jai,6000
esy,6000
mbs,6000
ptl,6000
dab,6000
sey,6000
jas,6000
roe,6000
shl,6000
hle,6000
utd,6000
tdo,6000
uys,6000
udl,6000
exo,6000
xot,6000
biz,6000
mau,6000
gac,6000
eid,6000
pig,6000
eyn,6000
yno,6000
acl,6000
ynd,6000
yac,6000
cht,6000
tlo,6000
vac,6000
uco,6000
isy,6000
voc,6000
ofa,6000
syd,6000
ydn,6000
leo,4182.694213440001
nfr,6000
nya,6000
xas,6000
unw,6000
nwi,6000
nje,6000
acd,6000
cdo,6000
ngf,6000
gfu,6000
yie,6000
buc,6000
lfi,4454.14125552
wem,6000
tso,6000
rcy,6000
ulc,6000
lce,6000
lyt,6000
yte,6000
unr,6000
nre,6000
gau,6000
yne,6000
axw,6000
xwe,6000
iki,6000
rwh,6000
elm,6000
lmi,6000
vig,6000
igo,6000
chm,6000
hmo,6000
ebe,4032.0005172096007
ckp,6000
kpo,6000
sku,6000
kul,6000
jer,6000
okl,6000
sri,3311.5461266880006
obb,4885.467636
bby,3971.2489222080007
wde,6000
soe,6000
fti,6000
yli,6000
rdr,6000
rhe,6000
eto,6000
bsu,6000
utb,6000
tbr,6000
haw,6000
eyb,6000
nho,6000
eev,6000
rph,6000
ffs,6000
fsp,6000
awe,6000
jaw,3473.5558487040003
kie,6000
thf,6000
hfu,6000
yeb,6000
sut,6000
adr,6000
agl,6000
nkr,6000
kru,6000
ptc,6000
tcy,6000
gou,6000
acm,6000
cmi,6000
tad,6000
gdp,6000
efa,6000
nkl,6000
pep,3748.8489323513127
xil,6000
xem,6000
mam,6000
rya,6000
yan,6000
aes,6000
sth,6000
oln,6000
rpt,6000
doy,6000
oyl,6000
odl,6000
rgr,6000
cuu,6000
uum,6000
eju,6000
ckb,6000
kbu,6000
olt,6000
rca,6000
roi,6000
umu,6000
liq,6000
dsw,6000
lft,6000
fog,6000
teh,6000
fos,6000
tiq,6000
ukr,6000
kra,6000
swa,6000
itv,6000
npr,6000
pud,6000
fox,6000
igs,6000
aco,2781.9856134144
chb,6000
hbi,6000
wep,6000
pyr,6000
yri,6000
eoi,6000
toa,4353.056844
tsm,6000
bsc,6000
haf,6000
sru,6000
och,6000
sei,6000
lme,6000
oir,6000
iai,6000
fev,6000
ssy,6000
roz,6000
lui,6000
esl,6000
cav,2368.306477904641
bto,6000
hul,6000
cyl,6000
ibs,6000
meg,3333.5080418879998
nip,6000
ipu,6000
uer,6000
dgi,6000
tya,6000
edm,6000
dmu,6000
hag,6000
cob,2774.7474916224005
eab,6000
xin,6000
lyn,6000
guo,6000
dda,4327.949014900136
dew,6000
bic,6000
swu,6000
wun,6000
phu,6000
jef,4908.765024
dwe,6000
syl,6000
ylu,6000
aeo,6000
aqu,6000
tos,6000
lpl,6000
isb,6000
sbu,6000
dap,6000
rmf,6000
mfu,6000
olp,6000
rex,5014.5569616
idf,6000
dfi,6000
kst,6000
abn,6000
bno,6000
gut,6000
laz,6000
aiw,6000
iwa,6000
nsb,6000
ayn,6000
pum,6000
rif,6000
seg,6000
egm,6000
roh,6000
ueu,1466.0424795846823
eue,1169.2561950901281
yti,6000
vet,6000
ioa,6000
nhi,6000
uso,6000
vei,6000
odb,6000
dby,6000
haz,6000
aza,6000
osn,6000
sni,6000
iop,3680.1389673966387
ckt,6000
tyr,6000
yre,6000
lml,6000
ymm,6000
rpa,5038.9255128
gma,6000
ndw,6000
tiu,6000
aiv,6000
jil,6000
dac,6000
adn,6000
bys,6000
ysh,6000
xet,6000
rfi,6000
ibo,6000
tsh,6000
ewp,6000
wpo,6000
ecc,6000
ccl,5107.5644424
nah,6000
cyn,6000
yni,6000
lfw,6000
fwa,6000
liu,6000
hma,6000
cuo,6000
anp,6000
npo,6000
enk,6000
vii,2447.4340265856003
iog,6000
idy,6000
nka,6000
scs,6000
rbs,6000
cub,1956.4139650621448
uba,2003.1169972654086
axp,6000
neq,6000
lux,6000
uxu,6000
xur,6000
teu,6000
wnw,6000
teb,6000
naz,6000
pad,6000
mog,6000
bai,6000
mca,5022.8136888
enz,6000
nzy,6000
zym,6000
utf,6000
tfi,6000
oga,6000
nep,6000
ghw,6000
hwa,6000
eiz,6000
joc,6000
wni,6000
onz,6000
nze,6000
ieg,6000
rdb,6000
dbo,6000
ubi,6000
sip,6000
iby,6000
bya,6000
arf,6000
olc,6000
lch,6000
wip,6000
ifl,6000
rrh,6000
oea,6000
obu,6000
ndk,6000
dke,6000
cay,6000
caf,6000
lul,6000
kla,6000
tyn,6000
ndn,6000
lyd,6000
ydi,6000
osh,6000
cyp,6000
ypr,6000
pru,6000
ifa,5133.8495256
fax,6000
